{"_timestamp":1.7834752287390523e+09,"_step":0,"_wandb":{"runtime":38},"_runtime":38,"Gobal loss":0.024470809602737426,"Global Acc":9.45,"Wall-clock Time":0,"Communication Cost":0}