{"Wall-clock Time":0,"Communication Cost":0,"_timestamp":1.7834730073256028e+09,"_step":0,"Gobal loss":0.023076660656929017,"_wandb":{"runtime":212},"_runtime":212,"Global Acc":11.09}