{"Wall-clock Time":0,"Communication Cost":0,"_timestamp":1.7834709112447321e+09,"_step":0,"Gobal loss":0.023025291275978087,"Global Acc":12.8,"_wandb":{"runtime":75},"_runtime":75}