{"_wandb":{"runtime":666},"_runtime":666,"Global Acc":11.09,"Wall-clock Time":0,"Communication Cost":0,"_timestamp":1.783472003621274e+09,"_step":0,"Gobal loss":0.023076660656929017}