{"_timestamp":1.7834740918075352e+09,"_step":5,"Gobal loss":0.02971458375453949,"_wandb":{"runtime":433},"_runtime":433,"Global Acc":16.59,"Wall-clock Time":285.4399359226227,"Communication Cost":97.05174255371094}