{"Global Acc":11.09,"Wall-clock Time":0,"Communication Cost":0,"_timestamp":1.7834726935343535e+09,"_step":0,"_wandb":{"runtime":44},"_runtime":44,"Gobal loss":0.023076660656929017}