{"_step":10,"Gobal loss":0.01637547700405121,"Global Acc":40.64,"Wall-clock Time":262.1721861362457,"Communication Cost":9.512224197387695,"_wandb":{"runtime":617},"_runtime":617,"_timestamp":1.7834707036152978e+09}