{"Wall-clock Time":0,"Communication Cost":0,"_timestamp":1.783471766302382e+09,"_step":0,"Gobal loss":0.023025291275978087,"_runtime":58,"_wandb":{"runtime":58},"Global Acc":12.8}