{"pps.3.0.shortcut.0.weight":0.05844236350937789,"pps.4.0.residual_function.3.weight":0.0596100557015881,"_wandb":{"runtime":276},"pps.3.0.residual_function.0.weight":0.05627400992634711,"Global Acc":36.67,"pps.2.0.residual_function.0.weight":0.05606687757621175,"_timestamp":1.7834770971299515e+09,"Gobal loss":0.03726140604019165,"pps.0.0.weight":0.06125795109999998,"Wall-clock Time":38.48968243598938,"pps.2.0.residual_function.3.weight":0.05592496203555907,"_runtime":276,"pps.4.0.shortcut.0.weight":0.05786635803136998,"Communication Cost":78.41861534118652,"pps.2.0.shortcut.0.weight":0.05792424503181369,"pps.5.1.weight":0.00014055218602277981,"pps.4.0.residual_function.0.weight":0.05823369323090474,"_step":10,"pps.3.0.residual_function.3.weight":0.05639363107655143,"pps.1.0.weight":0.05562947306425868}