{"_runtime":192,"_step":1,"Gobal loss":0.0587476203918457,"Global Acc":26.74,"Wall-clock Time":31.867850065231323,"Communication Cost":125.10215950012207,"_timestamp":1.7834773050582862e+09,"_wandb":{"runtime":192}}