{"Wall-clock Time":153.28377270698547,"Communication Cost":625.498857498169,"_timestamp":1.7834744384974554e+09,"_step":5,"Gobal loss":0.027695290184020997,"Global Acc":16.23,"_wandb":{"runtime":313},"_runtime":313}