{"Wall-clock Time":323.3408045768738,"Communication Cost":1250.9948749542236,"_timestamp":1.783477900776161e+09,"_runtime":538,"_wandb":{"runtime":538},"_step":10,"Gobal loss":0.026155952644348144,"Global Acc":20.15}