{"Global Acc":28.63,"Wall-clock Time":92.21315097808838,"_wandb":{"runtime":230},"_runtime":230,"Communication Cost":135.59467124938965,"_timestamp":1.7834714695241537e+09,"_step":3,"Gobal loss":0.0192844172000885}