{"pps.4.0.residual_function.0.weight":0.033247385836022623,"_runtime":172,"pps.3.0.residual_function.3.weight":0.03255381267793166,"_wandb":{"runtime":172},"_step":5,"pps.3.0.shortcut.0.weight":0.03342730496756166,"pps.2.0.residual_function.3.weight":0.0324455144444555,"_timestamp":1.7834765152618663e+09,"Communication Cost":47.06256675720215,"pps.5.1.weight":0.011577944173440895,"pps.0.0.weight":0.03438999999999998,"Global Acc":24.6,"pps.3.0.residual_function.0.weight":0.03252853273897356,"pps.4.0.residual_function.3.weight":0.03384233398689328,"pps.4.0.shortcut.0.weight":0.03331351442866774,"pps.1.0.weight":0.03245849080543759,"pps.2.0.residual_function.0.weight":0.032527982047284756,"pps.2.0.shortcut.0.weight":0.0332640571391796,"Gobal loss":0.04899792449474335,"Wall-clock Time":19.740618467330933}