{"_step":0,"Gobal loss":0.024470809602737426,"Global Acc":9.45,"_wandb":{"runtime":39},"_runtime":39,"Wall-clock Time":0,"Communication Cost":0,"_timestamp":1.783474864868486e+09}