{"_step":10,"Gobal loss":0.02652413628101349,"Global Acc":22.19,"Wall-clock Time":581.2262997627258,"Communication Cost":194.10066413879395,"_timestamp":1.7834787915996156e+09,"_wandb":{"runtime":825},"_runtime":825}