{"_step":2,"Gobal loss":0.032219730615615845,"Global Acc":10,"Wall-clock Time":409.80483174324036,"Communication Cost":297.7035427093506,"_wandb":{"runtime":522},"_runtime":522,"_timestamp":1.7834735800081313e+09}